"","date","California","Florida","New York","Pennsylvania","Texas"
"1",2020-01-22,0,0,0,0,0
"2",2020-01-23,0,0,0,0,0
"3",2020-01-24,0,0,0,0,0
"4",2020-01-25,0,0,0,0,0
"5",2020-01-26,2,0,0,0,0
"6",2020-01-27,0,0,0,0,0
"7",2020-01-28,0,0,0,0,0
"8",2020-01-29,0,0,0,0,0
"9",2020-01-30,0,0,0,0,0
"10",2020-01-31,1,0,0,0,0
"11",2020-02-01,0,0,0,0,0
"12",2020-02-02,0,0,0,0,0
"13",2020-02-03,3,0,0,0,0
"14",2020-02-04,0,0,0,0,0
"15",2020-02-05,0,0,0,0,0
"16",2020-02-06,0,0,0,0,0
"17",2020-02-07,0,0,0,0,0
"18",2020-02-08,0,0,0,0,0
"19",2020-02-09,0,0,0,0,0
"20",2020-02-10,0,0,0,0,0
"21",2020-02-11,1,0,0,0,0
"22",2020-02-12,0,0,0,0,0
"23",2020-02-13,1,0,0,0,0
"24",2020-02-14,0,0,0,0,0
"25",2020-02-15,0,0,0,0,0
"26",2020-02-16,0,0,0,0,0
"27",2020-02-17,1,0,0,0,0
"28",2020-02-18,1,0,0,0,0
"29",2020-02-19,0,0,0,0,0
"30",2020-02-20,0,0,0,0,0
"31",2020-02-21,0,0,0,0,0
"32",2020-02-22,0,0,0,0,0
"33",2020-02-23,0,0,0,0,0
"34",2020-02-24,1,0,0,0,0
"35",2020-02-25,1,0,0,0,0
"36",2020-02-26,1,0,0,0,0
"37",2020-02-27,0,0,0,0,0
"38",2020-02-28,0,0,0,0,0
"39",2020-02-29,0,0,0,0,0
"40",2020-03-01,6,0,0,0,0
"41",2020-03-02,4,1,0,0,0
"42",2020-03-03,6,1,1,0,0
"43",2020-03-04,11,0,9,0,0
"44",2020-03-05,10,1,11,0,3
"45",2020-03-06,18,0,3,2,1
"46",2020-03-07,26,4,52,0,4
"47",2020-03-08,19,3,29,4,3
"48",2020-03-09,23,3,33,1,2
"49",2020-03-10,22,2,14,5,3
"50",2020-03-11,25,9,64,4,5
"51",2020-03-12,43,6,80,6,6
"52",2020-03-13,53,20,83,19,17
"53",2020-03-14,56,26,178,6,16
"54",2020-03-15,39,24,76,0,4
"55",2020-03-16,159,1,328,32,21
"56",2020-03-17,84,89,446,33,26
"57",2020-03-18,176,116,1100,43,86
"58",2020-03-19,190,126,1714,51,109
"59",2020-03-20,261,132,3439,105,123
"60",2020-03-21,152,199,2750,88,153
"61",2020-03-22,301,241,4781,110,61
"62",2020-03-23,376,223,5693,189,121
"63",2020-03-24,428,185,4797,248,204
"64",2020-03-25,512,270,5160,314,280
"65",2020-03-26,866,675,6556,535,315
"66",2020-03-27,670,543,7304,550,374
"67",2020-03-28,2965,863,7699,500,518
"68",2020-03-29,2965,483,7248,587,337
"69",2020-03-30,1369,1227,7015,723,381
"70",2020-03-31,1147,1268,9190,808,636
"71",2020-04-01,1234,215,14524,987,500
"72",2020-04-02,1498,2052,10403,1133,675
"73",2020-04-03,1324,1260,10675,1400,771
"74",2020-04-04,746,1269,10250,1709,841
"75",2020-04-05,1655,813,10995,1413,647
"76",2020-04-06,1510,974,9861,1499,865
"77",2020-04-07,1097,1221,7413,1531,888
"78",2020-04-08,1479,911,10211,1801,862
"79",2020-04-09,960,908,12071,2024,1418
"80",2020-04-10,1216,1167,11473,1843,951
"81",2020-04-11,709,963,8533,1735,918
"82",2020-04-12,743,1401,8373,1181,635
"83",2020-04-13,1201,1124,7853,1286,548
"84",2020-04-14,1137,609,7471,1107,760
"85",2020-04-15,1812,883,6658,1229,956
"86",2020-04-16,1222,832,7889,1192,941
"87",2020-04-17,1718,1416,6986,1822,940
"88",2020-04-18,1345,733,6877,1816,799
"89",2020-04-19,665,822,6644,1267,558
"90",2020-04-20,2255,745,6386,895,565
"91",2020-04-21,2191,810,4633,1244,938
"92",2020-04-22,1996,440,4259,1343,792
"93",2020-04-23,1848,1339,5497,1854,1220
"94",2020-04-24,1870,885,6668,1641,975
"95",2020-04-25,966,306,9442,1545,515
"96",2020-04-26,1302,693,5677,1324,764
"97",2020-04-27,1577,606,4313,911,514
"98",2020-04-28,1515,710,2908,1504,941
"99",2020-04-29,2395,345,3136,1173,1036
"100",2020-04-30,1486,497,4377,1581,1348
"101",2020-05-01,1834,1038,4490,1693,1080
"102",2020-05-02,1337,735,4375,1349,1156
"103",2020-05-03,1367,615,3511,1049,997
"104",2020-05-04,1360,819,3143,955,766
"105",2020-05-05,2587,542,2106,879,1248
"106",2020-05-06,1878,563,2123,968,1088
"107",2020-05-07,1923,826,3211,1102,1019
"108",2020-05-08,2122,371,2899,1421,1286
"109",2020-05-09,2128,802,2635,1093,1453
"110",2020-05-10,1190,595,2400,1415,824
"111",2020-05-11,1502,386,1824,592,894
"112",2020-05-12,1686,941,1330,788,1329
"113",2020-05-13,2031,479,1518,761,1426
"114",2020-05-14,1779,808,2339,916,1245
"115",2020-05-15,1943,928,2248,1009,1190
"116",2020-05-16,2068,673,2518,1101,1759
"117",2020-05-17,1587,777,2023,699,980
"118",2020-05-18,1446,854,1498,778,770
"119",2020-05-19,2146,502,1386,565,1340
"120",2020-05-20,2275,527,1166,769,1245
"121",2020-05-21,2306,1204,1866,973,1294
"122",2020-05-22,2241,776,1900,967,538
"123",2020-05-23,2067,676,2071,764,1115
"124",2020-05-24,1785,740,1808,707,1029
"125",2020-05-25,2115,879,1691,561,473
"126",2020-05-26,2471,509,961,468,1034
"127",2020-05-27,2663,379,933,697,1370
"128",2020-05-28,2160,651,1156,685,1787
"129",2020-05-29,3141,1212,1663,715,629
"130",2020-05-30,3655,927,1372,723,1791
"131",2020-05-31,2333,739,1209,548,1699
"132",2020-06-01,2433,667,1136,382,988
"133",2020-06-02,2420,617,1069,545,1837
"134",2020-06-03,2219,1317,789,543,1553
"135",2020-06-04,3029,1419,1212,544,1680
"136",2020-06-05,3125,1305,1123,472,1808
"137",2020-06-06,2806,1270,1055,736,2042
"138",2020-06-07,2535,1180,857,429,1045
"139",2020-06-08,2254,966,736,347,992
"140",2020-06-09,2810,1096,598,504,1738
"141",2020-06-10,3098,1371,461,429,2559
"142",2020-06-11,3009,1698,810,545,1954
"143",2020-06-12,3802,1902,816,638,2111
"144",2020-06-13,3249,2581,760,445,2141
"145",2020-06-14,2550,2016,693,341,1587
"146",2020-06-15,2315,1758,667,333,1709
"147",2020-06-16,3763,2783,509,324,3276
"148",2020-06-17,4544,2610,411,368,4355
"149",2020-06-18,4659,3207,699,442,3447
"150",2020-06-19,4226,3822,824,510,4069
"151",2020-06-20,4702,4049,695,480,4615
"152",2020-06-21,4178,3494,666,469,2862
"153",2020-06-22,5823,2926,642,450,5110
"154",2020-06-23,7787,3286,501,585,5218
"155",2020-06-24,5657,5511,473,498,5770
"156",2020-06-25,5552,5004,814,573,5787
"157",2020-06-26,6591,8942,829,616,5674
"158",2020-06-27,4334,9585,734,611,5583
"159",2020-06-28,6163,8530,611,487,4791
"160",2020-06-29,7162,5266,534,558,6389
"161",2020-06-30,10094,6093,503,606,6303
"162",2020-07-01,7339,6563,547,637,9122
"163",2020-07-02,7916,10109,907,818,7310
"164",2020-07-03,5436,9488,914,772,7358
"165",2020-07-04,5375,11458,777,665,7074
"166",2020-07-05,11099,10059,722,559,4265
"167",2020-07-06,6373,6336,522,515,7544
"168",2020-07-07,11168,7347,448,803,10359
"169",2020-07-08,7811,9989,568,901,9364
"170",2020-07-09,8061,8935,765,748,11659
"171",2020-07-10,8270,11433,920,916,9282
"172",2020-07-11,8270,10360,878,827,8246
"173",2020-07-12,7649,15300,747,660,8231
"174",2020-07-13,7941,12624,635,403,7156
"175",2020-07-14,11106,9194,873,914,10398
"176",2020-07-15,8541,10181,702,988,11372
"177",2020-07-16,10001,13965,890,830,13947
"178",2020-07-17,8933,11466,827,1037,11751
"179",2020-07-18,8547,10328,829,791,9436
"180",2020-07-19,6744,12478,644,772,8043
"181",2020-07-20,9386,10347,674,740,8830
"182",2020-07-21,12167,9440,700,1029,8283
"183",2020-07-22,11595,9785,556,778,11525
"184",2020-07-23,8895,10249,853,901,9511
"185",2020-07-24,10069,12444,750,1191,7359
"186",2020-07-25,8052,12199,760,1103,9641
"187",2020-07-26,6649,9344,628,818,3866
"188",2020-07-27,6089,8892,635,768,6450
"189",2020-07-28,10013,9230,505,1090,8766
"190",2020-07-29,10777,9446,572,785,10671
"191",2020-07-30,8446,9956,797,913,9023
"192",2020-07-31,7408,9007,690,1007,11102
"193",2020-08-01,8610,9642,755,893,6108
"194",2020-08-02,5570,7104,553,660,3188
"195",2020-08-03,4604,4752,590,577,9279
"196",2020-08-04,6168,5446,633,837,10904
"197",2020-08-05,5740,5409,484,723,10544
"198",2020-08-06,8339,7650,742,810,7337
"199",2020-08-07,7694,7686,578,766,7919
"200",2020-08-08,8259,8502,698,820,6603
"201",2020-08-09,7358,6229,574,778,5366
"202",2020-08-10,11496,4155,521,620,6010
"203",2020-08-11,10237,5831,582,818,8276
"204",2020-08-12,8314,8109,464,888,6528
"205",2020-08-13,6121,6236,642,1030,7000
"206",2020-08-14,14366,6148,650,843,9957
"207",2020-08-15,7658,6352,692,847,7114
"208",2020-08-16,6132,3779,610,684,7670
"209",2020-08-17,4669,2678,473,441,5495
"210",2020-08-18,6467,3838,538,652,7819
"211",2020-08-19,5995,4115,517,610,5608
"212",2020-08-20,5565,4555,683,776,5222
"213",2020-08-21,6581,4684,737,738,5711
"214",2020-08-22,6473,4311,683,800,3779
"215",2020-08-23,5017,2974,542,600,4654
"216",2020-08-24,4490,2258,473,424,4421
"217",2020-08-25,6112,2673,555,594,6341
"218",2020-08-26,4363,3220,482,508,6238
"219",2020-08-27,5436,3269,798,639,4042
"220",2020-08-28,5000,3815,669,851,5239
"221",2020-08-29,5874,3197,694,832,5039
"222",2020-08-30,4136,2583,713,689,2773
"223",2020-08-31,3900,1885,685,526,3336
"224",2020-09-01,4244,7569,603,832,5030
"225",2020-09-02,5265,2402,648,902,4175
"226",2020-09-03,5083,3571,917,1082,3558
"227",2020-09-04,4985,3198,870,915,5988
"228",2020-09-05,4838,3656,820,967,4459
"229",2020-09-06,3021,2564,736,654,2500
"230",2020-09-07,2569,1838,567,598,867
"231",2020-09-08,1796,1823,502,489,3631
"232",2020-09-09,3432,2167,592,998,4870
"233",2020-09-10,3401,2472,662,596,1732
"234",2020-09-11,4264,3650,1031,1024,5930
"235",2020-09-12,4541,3190,926,959,2867
"236",2020-09-13,2852,2423,834,652,4358
"237",2020-09-14,2463,1736,662,692,4050
"238",2020-09-15,3020,3116,689,1091,7025
"239",2020-09-16,3421,2355,684,765,3946
"240",2020-09-17,3774,3255,1025,945,4562
"241",2020-09-18,4336,3204,831,813,3449
"242",2020-09-19,4146,3573,902,910,2853
"243",2020-09-20,3234,2521,852,679,5676
"244",2020-09-21,2847,1685,635,574,21760
"245",2020-09-22,3295,2470,588,856,6684
"246",2020-09-23,3366,2590,569,790,1774
"247",2020-09-24,3623,2541,1101,924,4866
"248",2020-09-25,4256,2847,1000,1011,3991
"249",2020-09-26,4042,2795,1173,923,3479
"250",2020-09-27,2823,1882,1032,909,4722
"251",2020-09-28,2317,738,969,674,2987
"252",2020-09-29,3398,3266,979,1405,6448
"253",2020-09-30,3200,1948,984,883,3619
"254",2020-10-01,3506,2628,1324,1036,3786
"255",2020-10-02,4146,2660,1759,1145,5855
"256",2020-10-03,4259,2787,1687,1203,5366
"257",2020-10-04,2786,1868,1386,980,2456
"258",2020-10-05,1854,1415,1147,789,4273
"259",2020-10-06,2976,2251,1149,969,6432
"260",2020-10-07,3899,2582,1218,1368,5166
"261",2020-10-08,3924,3306,2078,1292,3936
"262",2020-10-09,4206,2908,1609,1425,4585
"263",2020-10-10,3803,0,1503,1741,4207
"264",2020-10-11,3375,5570,1274,1171,2077
"265",2020-10-12,2638,1533,1254,1099,2619
"266",2020-10-13,2872,2725,1204,1313,5946
"267",2020-10-14,3482,2883,1098,1287,6068
"268",2020-10-15,3280,3356,1538,1574,4888
"269",2020-10-16,3202,3449,1747,1651,6113
"270",2020-10-17,3025,4044,1695,1897,4854
"271",2020-10-18,3445,2539,1512,1281,5507
"272",2020-10-19,3405,1707,1209,1232,3254
"273",2020-10-20,3881,3662,1238,1539,5535
"274",2020-10-21,3191,2144,1716,1516,6948
"275",2020-10-22,6370,5558,1892,2071,2826
"276",2020-10-23,6218,3689,1834,2169,7207
"277",2020-10-24,5248,4471,2124,2162,9669
"278",2020-10-25,2958,2385,1920,1750,3501
"279",2020-10-26,3391,3377,1545,1667,6575
"280",2020-10-27,4692,4298,1781,2367,6878
"281",2020-10-28,4382,4115,1711,2275,7304
"282",2020-10-29,4397,4198,2351,2404,6921
"283",2020-10-30,5317,5592,2328,2512,5951
"284",2020-10-31,4710,2331,2393,2628,8090
"285",2020-11-01,4215,4865,2122,2082,32867
"286",2020-11-02,4510,4651,1870,1965,6812
"287",2020-11-03,5719,4637,2069,2954,9721
"288",2020-11-04,5193,4423,2068,2761,11092
"289",2020-11-05,7077,6257,3217,2932,10749
"290",2020-11-06,6318,5245,3211,3583,9672
"291",2020-11-07,8866,4452,3900,3994,7690
"292",2020-11-08,5835,6820,3579,3175,7596
"293",2020-11-09,6016,3924,3446,3276,7192
"294",2020-11-10,8200,4353,3957,4504,12633
"295",2020-11-11,7465,5838,4253,4793,13283
"296",2020-11-12,7679,5607,5225,5460,11283
"297",2020-11-13,10561,6933,5666,5862,13029
"298",2020-11-14,11399,4544,5577,5589,10987
"299",2020-11-15,9426,10105,4192,5479,7922
"300",2020-11-16,10132,4663,4210,4553,8738
"301",2020-11-17,11300,7459,4612,6070,13379
"302",2020-11-18,12438,7925,4876,6376,13822
"303",2020-11-19,14270,9085,5824,6948,14292
"304",2020-11-20,16251,9085,5733,7191,14098
"305",2020-11-21,15139,8409,6312,6934,13266
"306",2020-11-22,8192,6587,5680,6911,8957
"307",2020-11-23,17107,6331,6437,5134,8529
"308",2020-11-24,19260,8555,4882,6204,20860
"309",2020-11-25,15792,8376,6033,7246,17381
"310",2020-11-26,12596,0,7312,8462,7427
"311",2020-11-27,12849,17344,8278,7377,4873
"312",2020-11-28,15903,6277,6861,7882,6016
"313",2020-11-29,14115,7363,5478,5448,14321
"314",2020-11-30,15328,6659,7772,4420,10121
"315",2020-12-01,23601,8847,7087,5885,15277
"316",2020-12-02,20611,9994,8135,9003,20528
"317",2020-12-03,24637,10870,10148,10832,18953
"318",2020-12-04,27251,10177,11846,12436,14602
"319",2020-12-05,30573,10431,11054,12489,14071
"320",2020-12-06,24711,8436,10151,8254,12274
"321",2020-12-07,26218,7711,8453,7110,7493
"322",2020-12-08,34307,7985,8435,10307,19469
"323",2020-12-09,31953,9592,9258,8165,14531
"324",2020-12-10,38575,11335,11124,12226,16152
"325",2020-12-11,37924,11699,11124,12793,15883
"326",2020-12-12,31845,10577,11000,11335,13585
"327",2020-12-13,30609,8958,10587,9770,8892
"328",2020-12-14,33378,8452,10138,8084,10318
"329",2020-12-15,55666,9411,8964,9977,21022
"330",2020-12-16,56114,11541,9419,10231,21767
"331",2020-12-17,44522,13148,11723,9730,17490
"332",2020-12-18,45728,13000,12652,9355,17143
"333",2020-12-19,45291,11682,10067,10262,14259
"334",2020-12-20,36961,8401,9305,6465,9798
"335",2020-12-21,37679,11015,9805,7772,13020
"336",2020-12-22,39561,10434,9393,8368,21831
"337",2020-12-23,40616,11384,10532,9890,22672
"338",2020-12-24,44420,13147,13024,8780,9138
"339",2020-12-25,26900,0,13048,7034,3315
"340",2020-12-26,51673,17042,11129,7282,5414
"341",2020-12-27,33060,7391,8008,5084,28839
"342",2020-12-28,37731,8198,8268,3685,8624
"343",2020-12-29,37068,12075,10183,9061,25153
"344",2020-12-30,20956,13871,12917,9499,22004
"345",2020-12-31,57581,17192,15393,8394,17809
"346",2021-01-01,50268,0,17033,8497,10172
"347",2021-01-02,46385,31518,15849,7895,18225
"348",2021-01-03,31401,10603,12232,4852,15705
"349",2021-01-04,37116,11256,11242,3630,14260
"350",2021-01-05,35330,15431,13142,8734,33027
"351",2021-01-06,39232,17783,16016,9929,20626
"352",2021-01-07,51731,19816,17588,9467,25292
"353",2021-01-08,52761,19530,19560,10564,22463
"354",2021-01-09,48775,15445,17839,9678,19361
"355",2021-01-10,38928,12313,16308,7313,16274
"356",2021-01-11,38203,11576,14179,5236,22015
"357",2021-01-12,38984,14896,14791,7607,24441
"358",2021-01-13,37323,13990,14704,8184,26106
"359",2021-01-14,42907,13720,14187,6531,27886
"360",2021-01-15,41541,16875,19469,6757,26284
"361",2021-01-16,41394,12119,15945,6899,17741
"362",2021-01-17,29883,11093,13694,5785,14449
"363",2021-01-18,25846,8002,13410,3979,11079
"364",2021-01-19,24875,9816,12721,5632,19269
"365",2021-01-20,21214,11914,11119,5662,28095
"366",2021-01-21,23302,12873,13908,5817,23317
"367",2021-01-22,23199,13719,15684,5379,18918
"368",2021-01-23,24369,12311,13909,5863,14684
"369",2021-01-24,25912,9535,12383,3821,7948
"370",2021-01-25,17107,8720,11972,3788,19003
"371",2021-01-26,18617,9594,11040,5111,21197
"372",2021-01-27,17683,8408,10365,5576,18599
"373",2021-01-28,20492,11423,13783,6997,21052
"374",2021-01-29,19857,10976,12951,8423,17916
"375",2021-01-30,19738,15019,12892,5497,15078
"376",2021-01-31,16361,7788,11209,3957,13078
"377",2021-02-01,13136,5730,8932,3357,36283
"378",2021-02-02,12146,10533,7949,3753,19060
"379",2021-02-03,13959,6979,7154,3142,17848
"380",2021-02-04,14641,7711,6970,3362,13889
"381",2021-02-05,13746,11543,7897,5058,14579
"382",2021-02-06,15080,7486,11492,4139,8502
"383",2021-02-07,11539,6624,9923,4378,8356
"384",2021-02-08,9450,5737,8972,2363,9717
"385",2021-02-09,9757,7023,8279,4470,13755
"386",2021-02-10,9143,7537,6584,3086,12727
"387",2021-02-11,10986,8525,10011,4071,12176
"388",2021-02-12,9748,7617,8715,3492,11606
"389",2021-02-13,10314,7515,8755,3860,9213
"390",2021-02-14,6788,5436,8330,2471,4875
"391",2021-02-15,5797,3615,6538,1887,2793
"392",2021-02-16,5174,6297,6709,2412,2925
"393",2021-02-17,6458,7342,5925,3504,5154
"394",2021-02-18,7413,5117,9582,3293,2309
"395",2021-02-19,7705,6683,8573,2797,5601
"396",2021-02-20,7567,7280,8238,2835,6104
"397",2021-02-21,5131,5065,6237,1921,6844
"398",2021-02-22,4128,4151,6297,1503,5853
"399",2021-02-23,6083,5610,6923,2902,10583
"400",2021-02-24,6039,7128,6139,2766,7756
"401",2021-02-25,6040,6640,8893,2454,7814
"402",2021-02-26,6077,5922,8074,3418,10797
"403",2021-02-27,5334,5459,8042,3484,5900
"404",2021-02-28,3910,5539,7827,1815,3650
"405",2021-03-01,3059,1700,6436,1730,7778
"406",2021-03-02,4265,7179,6381,2576,7300
"407",2021-03-03,4385,6014,6564,2610,7621
"408",2021-03-04,5460,6118,7468,3265,7674
"409",2021-03-05,5543,5975,8151,2675,5589
"410",2021-03-06,4796,4690,8126,2871,3716
"411",2021-03-07,3706,4098,7658,1552,2867
"412",2021-03-08,3038,3312,5440,1442,3525
"413",2021-03-09,3436,4426,6833,3074,5629
"414",2021-03-10,3708,4853,6106,2633,5566
"415",2021-03-11,3884,5065,7169,2834,5715
"416",2021-03-12,4597,5214,4226,3131,5518
"417",2021-03-13,2087,5244,10251,2875,3096
"418",2021-03-14,2610,3699,6687,1923,2855
"419",2021-03-15,1673,2826,7119,1416,4352
"420",2021-03-16,2599,4791,6711,3173,5949
"421",2021-03-17,3365,4599,6582,3293,4511
"422",2021-03-18,3586,5093,5515,3186,3420
"423",2021-03-19,3360,5140,5077,3566,3930
"424",2021-03-20,3429,5105,6667,4107,2655
"425",2021-03-21,2139,3987,3735,2379,2337
"426",2021-03-22,2126,2862,2796,1620,2936
"427",2021-03-23,2212,5302,3309,3555,4718
"428",2021-03-24,2807,5143,27644,4927,3989
"429",2021-03-25,2869,5773,8551,3772,3192
"430",2021-03-26,3557,5750,8059,5085,6919
"431",2021-03-27,3110,5883,8694,4113,3094
"432",2021-03-28,2434,4943,8910,3068,3271
"433",2021-03-29,2286,3374,8742,2941,3484
"434",2021-03-30,2164,5062,5875,5485,3209
"435",2021-03-31,2586,5294,7789,4516,2482
"436",2021-04-01,2655,6790,9170,3929,5100
"437",2021-04-02,4893,6490,8038,4983,2365
"438",2021-04-03,1809,6017,7755,5493,1843
"439",2021-04-04,1631,4794,7636,3258,1007
"440",2021-04-05,3302,3480,6659,2686,4683
"441",2021-04-06,2447,5556,6041,5076,4362
"442",2021-04-07,2446,5885,6643,4602,3840
"443",2021-04-08,2791,7939,8727,4558,4490
"444",2021-04-09,5157,7121,8662,5269,3289
"445",2021-04-10,5308,6906,7495,4789,2662
"446",2021-04-11,3071,5520,6630,3674,1426
"447",2021-04-12,1815,1613,5631,2535,4995
"448",2021-04-13,2683,9068,5023,7157,5188
"449",2021-04-14,2338,6772,6060,5975,3709
"450",2021-04-15,2693,6762,7029,5019,3060
"451",2021-04-16,3087,7296,6344,5684,3172
"452",2021-04-17,2822,6323,6590,5176,1971
"453",2021-04-18,2116,6834,5641,2985,1503
"454",2021-04-19,1770,4237,5026,2181,4477
"455",2021-04-20,2382,5645,4576,5172,4840
"456",2021-04-21,2609,5571,4292,4538,4427
"457",2021-04-22,2068,6684,5238,4562,3429
"458",2021-04-23,1067,5464,4847,4125,2659
"459",2021-04-24,2348,7411,4138,4070,2349
"460",2021-04-25,2137,4671,4064,2903,1239
"461",2021-04-26,1740,3513,3009,1891,4443
"462",2021-04-27,1824,5271,3312,3879,3985
"463",2021-04-28,1703,5178,3034,3370,4215
"464",2021-04-29,1972,5666,3897,3802,3619
"465",2021-04-30,2275,5306,3805,4465,3671
"466",2021-05-01,2402,5419,3872,3100,1882
"467",2021-05-02,1634,3841,2826,2476,1300
"468",2021-05-03,1473,3075,2428,1670,4439
"469",2021-05-04,1633,3682,2209,3311,2385
"470",2021-05-05,1579,4394,2402,2807,2428
"471",2021-05-06,2795,4504,2643,2469,2714
"472",2021-05-07,2145,4165,2459,3077,2851
"473",2021-05-08,1886,3977,3064,2595,1553
"474",2021-05-09,1471,3231,2373,1308,1024
"475",2021-05-10,1212,2296,1653,1009,2715
"476",2021-05-11,1433,3263,1460,2668,2824
"477",2021-05-12,1607,3184,2024,2160,2637
"478",2021-05-13,2008,4064,2186,2127,2086
"479",2021-05-14,2016,3590,2074,1868,2429
"480",2021-05-15,1533,3319,1800,1987,1194
"481",2021-05-16,1079,2482,1854,1070,661
"482",2021-05-17,788,1976,1359,814,2450
"483",2021-05-18,1073,2805,1525,1965,3092
"484",2021-05-19,1429,2811,1337,1275,2022
"485",2021-05-20,1801,2893,1644,1426,1647
"486",2021-05-21,1363,2371,1574,2047,1436
"487",2021-05-22,1371,3406,1329,1384,982
"488",2021-05-23,1142,2069,1074,960,710
"489",2021-05-24,717,1606,961,634,2876
"490",2021-05-25,1332,1874,920,1241,2528
"491",2021-05-26,1534,2327,898,1120,2193
"492",2021-05-27,5201,2338,1148,1018,1601
"493",2021-05-28,1386,2338,937,1066,1724
"494",2021-05-29,1281,0,872,842,550
"495",2021-05-30,710,0,820,516,374
"496",2021-05-31,483,0,529,421,174
"497",2021-06-01,596,5937,465,510,675
"498",2021-06-02,910,1234,400,778,2492
"499",2021-06-03,1187,1878,499,636,2595
"500",2021-06-04,1239,0,771,825,2086
"501",2021-06-05,1203,3000,836,666,1138
"502",2021-06-06,945,0,507,395,539
"503",2021-06-07,875,0,517,243,1175
"504",2021-06-08,1024,0,453,660,1929
"505",2021-06-09,961,0,437,448,6938
"506",2021-06-10,1238,0,542,596,1910
"507",2021-06-11,1098,11454,679,462,1297
"508",2021-06-12,976,0,440,371,791
"509",2021-06-13,643,0,363,202,399
"510",2021-06-14,937,0,364,180,978
"511",2021-06-15,811,0,327,470,1338
"512",2021-06-16,885,0,306,282,2137
"513",2021-06-17,1310,0,446,333,793
"514",2021-06-18,1003,10095,406,305,1017
"515",2021-06-19,1161,0,394,254,1752
"516",2021-06-20,1110,0,289,132,271
"517",2021-06-21,827,0,284,117,755
"518",2021-06-22,845,0,259,265,1974
"519",2021-06-23,1515,0,261,248,1216
"520",2021-06-24,2053,0,397,226,1585
"521",2021-06-25,1806,11048,352,212,1623
"522",2021-06-26,2229,0,344,204,1401
"523",2021-06-27,1211,0,381,138,176
"524",2021-06-28,1140,0,311,92,834
"525",2021-06-29,1140,0,252,201,2095
"526",2021-06-30,1743,0,300,192,2751
"527",2021-07-01,1798,0,391,191,1613
"528",2021-07-02,787,15684,503,179,1596
"529",2021-07-03,679,0,286,234,1187
"530",2021-07-04,558,0,350,149,219
"531",2021-07-05,3930,0,372,123,537
"532",2021-07-06,1933,0,298,106,1320
"533",2021-07-07,1824,0,363,205,4388
"534",2021-07-08,2518,0,667,259,2287
"535",2021-07-09,1329,23747,744,245,2304
"536",2021-07-10,1288,0,732,273,1371
"537",2021-07-11,6328,0,794,203,430
"538",2021-07-12,3520,0,633,137,3565
"539",2021-07-13,4800,0,642,354,3724
"540",2021-07-14,3779,0,741,320,5066
"541",2021-07-15,3236,0,950,431,3023
"542",2021-07-16,3695,45449,716,440,4431
"543",2021-07-17,2004,0,1367,444,2534
"544",2021-07-18,9962,0,1145,341,1746
"545",2021-07-19,5642,0,912,247,2662
"546",2021-07-20,7514,0,1118,604,5616
"547",2021-07-21,6225,0,1187,569,8186
"548",2021-07-22,8292,0,1638,587,6869
"549",2021-07-23,1065,73166,1729,652,6160
"550",2021-07-24,5760,0,1897,667,5212
"551",2021-07-25,15124,0,871,597,1398
"552",2021-07-26,9285,0,2611,435,5855
"553",2021-07-27,8052,0,1615,1072,12552
"554",2021-07-28,8100,0,1874,821,9288
"555",2021-07-29,10767,0,2609,1080,14716
"556",2021-07-30,4679,110724,2577,1052,13715
"557",2021-07-31,3551,0,3072,1188,5198
"558",2021-08-01,24295,0,2574,995,3347
"559",2021-08-02,9823,0,2392,890,9709
"560",2021-08-03,10133,0,3032,1573,21026
"561",2021-08-04,10269,0,2926,1441,13018
"562",2021-08-05,15200,0,3536,1849,15539
"563",2021-08-06,14002,134751,3739,1746,23096
"564",2021-08-07,12754,0,4491,1704,11072
"565",2021-08-08,9638,0,3578,1272,2372
"566",2021-08-09,13097,0,2066,1111,12881
"567",2021-08-10,11339,13075,1972,2135,21565
"568",2021-08-11,11231,24753,6653,1883,21407
"569",2021-08-12,14398,20656,4875,2354,12398
"570",2021-08-13,15765,93280,4642,2060,17577
"571",2021-08-14,13174,0,4602,2274,10183
"572",2021-08-15,10725,0,4401,2129,5473
"573",2021-08-16,13394,12680,3898,1284,16760
"574",2021-08-17,15451,21669,3409,2597,28206
"575",2021-08-18,13848,23335,4793,2224,17559
"576",2021-08-19,15413,15586,5083,3959,17073
"577",2021-08-20,25416,77470,4088,2499,22928
"578",2021-08-21,14043,0,5943,2799,17034
"579",2021-08-22,9804,0,4556,2182,3274
"580",2021-08-23,14112,11244,3829,1822,14060
"581",2021-08-24,13255,21208,3430,3080,23088
"582",2021-08-25,13298,26203,3893,3689,21336
"583",2021-08-26,14582,21765,5364,3242,14044
"584",2021-08-27,16380,71340,6381,3962,22475
"585",2021-08-28,14401,0,2357,3854,9212
"586",2021-08-29,11348,0,6145,2584,3586
"587",2021-08-30,12891,8597,5642,2543,22369
"588",2021-08-31,24275,18608,3910,3574,19742
"589",2021-09-01,11976,19048,4246,3928,27413
"590",2021-09-02,12593,21723,5165,3722,21582
"591",2021-09-03,12539,61226,5965,4064,25261
"592",2021-09-04,11386,0,3676,4658,14522
"593",2021-09-05,8563,0,6097,3107,2691
"594",2021-09-06,7234,0,3675,2489,4298
"595",2021-09-07,11293,12547,3248,2319,19650
"596",2021-09-08,8795,13774,2699,5031,40882
"597",2021-09-09,7885,12386,6319,4332,24659
"598",2021-09-10,16015,61542,5652,5187,19507
"599",2021-09-11,8485,0,6283,5398,8807
"600",2021-09-12,6258,0,4105,3774,2419
"601",2021-09-13,15498,0,5230,3128,19470
"602",2021-09-14,9192,690,4118,4724,27527
"603",2021-09-15,8639,10723,4830,4021,19510
"604",2021-09-16,10267,9760,6782,6261,17804
"605",2021-09-17,10085,54825,6002,5723,16888
"606",2021-09-18,8568,0,3759,5305,7947
"607",2021-09-19,5878,0,7218,4519,1545
"608",2021-09-20,8521,0,3443,2547,14424
"609",2021-09-21,7753,0,5348,4870,18374
"610",2021-09-22,7530,0,4558,4591,15672
"611",2021-09-23,7562,4215,5052,5601,11403
"612",2021-09-24,2694,51342,6092,5098,14198
"613",2021-09-25,1805,0,4096,5369,7482
"614",2021-09-26,17649,0,6345,4199,2631
"615",2021-09-27,7610,0,3033,3066,10814
"616",2021-09-28,7334,0,5057,5334,13886
"617",2021-09-29,6757,0,5072,4860,15124
"618",2021-09-30,8523,0,4928,4997,9628
"619",2021-10-01,2724,37299,5761,5455,9172
"620",2021-10-02,1597,0,3604,4033,5869
"621",2021-10-03,14828,0,3591,5798,1056
"622",2021-10-04,5562,0,5732,3969,8779
"623",2021-10-05,5878,0,3890,4813,12257
"624",2021-10-06,5490,0,6183,4928,11013
"625",2021-10-07,7080,0,5522,6278,7981
"626",2021-10-08,2272,25184,5814,5530,3728
"627",2021-10-09,1370,0,3770,5378,1070
"628",2021-10-10,13368,0,2207,4065,506
"629",2021-10-11,4920,0,7325,2755,5817
"630",2021-10-12,5596,0,3280,4648,5108
"631",2021-10-13,4495,0,4559,4775,22302
"632",2021-10-14,5492,0,4502,5693,5742
"633",2021-10-15,3365,18807,6223,5226,6796
"634",2021-10-16,216,0,4268,4766,3014
"635",2021-10-17,13591,0,3333,3695,1558
"636",2021-10-18,5651,0,4935,2932,4435
"637",2021-10-19,4840,0,3240,3863,6930
"638",2021-10-20,5901,0,4775,4438,5364
"639",2021-10-21,6800,0,4363,4348,5657
"640",2021-10-22,2061,14564,3670,4645,4257
"641",2021-10-23,1396,0,3630,4925,2525
"642",2021-10-24,1144,0,2295,2968,1266
"643",2021-10-25,20024,0,4668,2499,5073
"644",2021-10-26,5151,0,2432,3751,5763
"645",2021-10-27,5575,0,4176,4524,3479
"646",2021-10-28,7613,0,3434,4414,6360
"647",2021-10-29,2549,12151,5581,4697,3855
"648",2021-10-30,1601,0,3182,4457,3044
"649",2021-10-31,13146,0,2955,3031,398
"650",2021-11-01,7431,0,5206,2525,3718
"651",2021-11-02,4686,0,2958,3706,5053
"652",2021-11-03,5520,0,4014,4101,4048
"653",2021-11-04,8287,0,4635,5072,3441
"654",2021-11-05,3173,10498,4860,5335,2917
"655",2021-11-06,1776,0,4109,4880,2448
"656",2021-11-07,12439,0,3932,3912,789
"657",2021-11-08,7252,0,5218,3054,3166
"658",2021-11-09,4783,0,4215,4034,5211
"659",2021-11-10,5097,0,5103,5291,3774
"660",2021-11-11,2298,0,6648,5636,4409
"661",2021-11-12,9790,10302,6244,6473,3021
"662",2021-11-13,2893,0,5406,5641,2980
"663",2021-11-14,6428,0,4391,4650,486
"664",2021-11-15,4534,0,6560,3041,3403
"665",2021-11-16,5376,0,5024,5778,5132
"666",2021-11-17,5245,0,6071,6024,3963
"667",2021-11-18,5773,0,8103,6637,4934
"668",2021-11-19,2912,9891,7590,7604,3411
"669",2021-11-20,1977,0,5889,6424,1647
"670",2021-11-21,10240,0,8441,5417,698
"671",2021-11-22,4705,0,5303,5604,4051
"672",2021-11-23,4599,0,5564,5186,5101
"673",2021-11-24,2124,0,7075,7569,4514
"674",2021-11-25,104,0,7091,5950,304
"675",2021-11-26,2220,0,7816,6122,40
"676",2021-11-27,800,0,3458,5143,37
"677",2021-11-28,14822,0,4828,4159,0
"678",2021-11-29,5618,0,7601,5252,8175
"679",2021-11-30,5702,8892,6659,5766,6591
"680",2021-12-01,5305,0,9373,7606,5240
"681",2021-12-02,8325,0,11359,9143,4293
"682",2021-12-03,3482,10663,11218,10127,4081
"683",2021-12-04,2422,0,8079,9264,1821
"684",2021-12-05,14989,0,8318,6091,763
"685",2021-12-06,7193,0,10534,3967,4177
"686",2021-12-07,4524,0,8514,7912,5020
"687",2021-12-08,7932,0,9466,8723,5046
"688",2021-12-09,3984,0,11719,6918,3869
"689",2021-12-10,6663,12984,11327,11628,15077
